canonical,variant
alexander,alex
alexander,alec
alexander,sasha
alexander,xander
aleksandr,alex
aleksandr,sasha
alexandra,alex
alexandra,sasha
alexandra,lexi
andrew,andy
andrew,drew
anthony,tony
antonio,toni
barbara,barb
benjamin,ben
benjamin,benji
catherine,cathy
catherine,kate
catherine,katie
katherine,kate
katherine,katie
katherine,kathy
katherine,kat
charles,charlie
charles,chuck
christopher,chris
christopher,kit
christina,chris
christina,tina
christine,chris
daniel,dan
daniel,danny
david,dave
deborah,deb
deborah,debbie
dominic,dom
donald,don
edward,ed
edward,eddie
edward,ted
elizabeth,liz
elizabeth,beth
elizabeth,betty
elizabeth,eliza
elizabeth,lisa
eleanor,ellie
emily,em
frederick,fred
gabriel,gabe
gabriela,gabi
gregory,greg
henry,harry
henry,hank
isabel,izzy
isabella,bella
jacob,jake
james,jim
james,jimmy
james,jamie
jennifer,jen
jennifer,jenny
jessica,jess
jonathan,jon
jonathan,jonny
joseph,joe
joseph,joey
josephine,jo
joshua,josh
katarzyna,kasia
kimberly,kim
lawrence,larry
leonardo,leo
margaret,maggie
margaret,meg
margaret,peggy
matthew,matt
michael,mike
michael,mick
michelle,shelly
mohammed,mo
muhammad,mo
nathaniel,nate
nathan,nate
nicholas,nick
nicholas,nico
nicolas,nico
oliver,ollie
patricia,pat
patricia,trish
patrick,pat
peter,pete
philip,phil
rebecca,becky
rebecca,becca
richard,rick
richard,rich
richard,dick
robert,bob
robert,rob
robert,bobby
robert,robbie
ronald,ron
samantha,sam
samuel,sam
stephanie,steph
stephen,steve
steven,steve
susan,sue
theodore,theo
theodore,ted
thomas,tom
thomas,tommy
timothy,tim
victoria,vicky
vladimir,vlad
william,bill
william,will
william,liam
william,billy
yevgeny,zhenya
zachary,zach
francisco,paco
francisco,fran
francesca,fran
guillermo,memo
jose,pepe
alejandro,alex
