pattern,category,action,question
\bculture fit\b|\b(good|great|bad|poor|perfect|natural|strong) fit\b|\bteam fit\b|\bfit (the|our|with the) team\b|\bnot a fit\b|\bfit in\b|\bvibe\b|\bgel(led)?\b|\bclicked\b|one of us|beer test|like us,fit,ask-for-behaviour,"Which job behaviour did you see? 'Fit' with no behaviour behind it is cut."
\bconfiden(t|ce)\b|\bnervous\b|\banxious\b|\benthusias\w*|\bpassionate\b|\benerg(y|etic)\b|\bcalm\b|\bshy\b|\btimid\b|\bawkward\b|\barrogant\b|\bhonest\b|\btrustworthy\b|body language|eye contact|\bpresence\b|\bcharisma\w*|\bsmiled?\b,affect,exclude,Affect or demeanour is not rated; cut and note the removal in one line.
\byoung\b|\btoo old\b|\bolder than\b|\bold[- ]school\b|\bolder (candidate|guy|man|woman|person|hire)\b|\boverqualified\b|digital native|\bmature\b|\bretire\w*|\bfresh grad\b|\bgeneration\b,age,exclude,Age or an age proxy; cut and note the removal in one line.
\bkids?\b|\bchildren\b|\bmom\b|\bmother\b|\bdad\b|\bfather\b|\bpregnan\w*|\bmarried\b|\bwife\b|\bhusband\b|\bfamily\b,family,exclude,Family status; cut and note the removal in one line.
\bhealth\b|\bsick\b|\bill(ness)?\b|\bdisab\w*|\bmedical\b|\bmedication\b|\bwheelchair\b|\bdeaf\b|\bblind\b,health,exclude,Health or disability; cut and note the removal in one line.
\baccent\b|native (english|speaker)|\bforeign\b|where (s?he|they) (is|are|'s) from|\bnationality\b|\bethnic\w*|\breligio\w*|\bchurch\b|\bmosque\b,origin,exclude,National origin or religion; cut and note the removal in one line.
\blooks?\b(?! (at|for|into|like))|\blooked (tired|young|old|older|exhausted|worn|sleepy|nervous|scruffy)\b|\bdressed\b|\battire\b|\bpolished\b|\btattoo\w*|\bhair\b|\bweight\b|\battractive\b|\bpresentable\b|\bwell[- ]groomed\b|\bscruffy\b|\bunkempt\b|\bdishevel+ed\b,appearance,exclude,Appearance; cut and note the removal in one line.
\bivy\b|\bstanford\b|\bharvard\b|\bmit\b|\boxbridge\b|top school|good school|big[- ]name|\bfaang\b|\bpedigree\b|\bwent to\b,pedigree,ask-for-behaviour,Grading the resume or pedigree; what did the candidate show in this interview?
better than|compared to|than the other|other candidate|\bthe best of\b|\branked?\b|\bstrongest\b,comparison,ask-for-behaviour,Rate against the anchor; never against other candidates.
\bsmart\b|\bsharp\b|\bstrong\b|\bweak\b|\bsolid\b|\bgreat\b|\bimpressive\b|\binstincts?\b|\bgravitas\b|\bleadership material\b|\brock ?star\b|\bseemed\b|\bfelt like\b|\bgut\b,label-no-behaviour,ask-for-behaviour,What did you see or hear that puts this at a <rating>?
