term,match,category,severity,suggested_swap,source_ref
young,word,age,flag,describe the work pace instead,[45] 29 CFR 1625.4
youthful,word,age,flag,describe the work pace instead,[45]
recent college graduate,phrase,age,flag,"early-career (if the level requires it, state the level)",[45]
recent graduate,phrase,age,flag,"early-career, or state the level",[45]
recent grad,phrase,age,flag,"early-career, or state the level",[45]
college student,phrase,age,flag,state the programme or schedule the role needs,[45]
boy,word,age,flag,name the role,[45]
boys,word,age,flag,name the role,[45]
girl,word,age,flag,name the role,[45]
girls,word,age,flag,name the role,[45]
age 25 to 35,phrase,age,flag,cut,[45]
digital native,phrase,age-proxy,flag,name the tool or skill,[34]
digital natives,phrase,age-proxy,flag,name the tool or skill,[34]
high energy,phrase,age-proxy,flag,describe the pace of the work,practitioner judgement (unsourced)
high-energy,phrase,age-proxy,flag,describe the pace of the work,practitioner judgement (unsourced)
energetic,word,age-proxy,flag,describe the pace of the work,practitioner judgement (unsourced)
fresh,word,age-proxy,context,"fine for 'fresh approach'; flag if it describes people",practitioner judgement (unsourced)
native english,phrase,national-origin-proxy,flag,"writes/speaks English at <the level the tasks need>",[34]
native speaker,phrase,national-origin-proxy,flag,state the language task,[34]
culture fit,phrase,class-proxy,flag,name the job behaviour or cut,[79]
able-bodied,phrase,disability,flag,"can <task>, with or without reasonable accommodation",[46]
able bodied,phrase,disability,flag,"can <task>, with or without reasonable accommodation",[46]
physically fit,phrase,disability,flag,"can <task>, with or without reasonable accommodation",[46]
must be able to stand,phrase,disability,context,"add 'with or without reasonable accommodation'",[46]
must be able to lift,phrase,disability,context,"add 'with or without reasonable accommodation'",[46]
healthy,word,disability,context,"fine for systems ('healthy pipeline'); flag if it describes people",[35]
photo,word,appearance,flag,cut: no photograph before an offer,[34]
headshot,word,appearance,flag,cut,[34]
married,word,family-status,flag,cut,[74]
childcare,word,family-status,context,"fine for benefits ('childcare vouchers'); never a requirement or a welcome to one group",[74]
no gaps,phrase,gap-proxy,flag,cut,[108]
postcode,word,location-proxy,flag,"state work terms (on-site days, hours)",[72]
zip code,phrase,location-proxy,flag,"state work terms (on-site days, hours)",[72]
local candidates only,phrase,location-proxy,flag,"state work terms (on-site days, hours)",[72]
rockstar,word,label,flag,describe the outcome,practitioner judgement (unsourced)
rock star,phrase,label,flag,describe the outcome,practitioner judgement (unsourced)
ninja,word,label,flag,describe the outcome,practitioner judgement (unsourced)
guru,word,label,flag,describe the outcome,practitioner judgement (unsourced)
wizard,word,label,flag,describe the outcome,practitioner judgement (unsourced)
superstar,word,label,flag,describe the outcome,practitioner judgement (unsourced)
unicorn,word,label,flag,describe the outcome,practitioner judgement (unsourced)
crush it,phrase,label,flag,describe the outcome,practitioner judgement (unsourced)
work hard play hard,phrase,label,flag,describe the working hours honestly,practitioner judgement (unsourced)
work hard and play hard,phrase,label,flag,describe the working hours honestly,practitioner judgement (unsourced)
open until filled,phrase,posting-law,flag,"state how and when to apply (not compliant in Colorado per state guidance)",[57]
"(graduat\w*|class of)( in)? (19|20)\d{2}( or (later|after|earlier|before|newer))?",regex,age-proxy,flag,cut: a graduation year estimates age,[45]
graduation year,phrase,age-proxy,flag,cut: a graduation year estimates age,[45]
"(age[ds]?|candidates?|applicants?|someone|anyone|people|persons?|individuals?|workers?|staff|nobody|no one|those|be|is|are|you're|you are)\s+(under|over|below|above|aged?)\s+(1[89]|[2-7]\d)|age[ds]?\s+(1[89]|[2-7]\d)\s*(to|-|–|and)\s*(1[89]|[2-7]\d)|(under|over|below|above|aged?)\s+(1[89]|[2-7]\d)(\s*(years? old|years of age|yrs? old|y/?o)|\s*(years?|yrs)?(?=\s*($|[.,;:!?)])))",regex,age,flag,cut: an age limit (29 CFR 1625.4),[45]
"(no|not) (older|mature|senior citizen)( candidates| applicants| workers| people)?",regex,age,flag,cut,[45]
"older (candidates|applicants|workers|people)",regex,age,flag,cut,[45]
overqualified,word,age-proxy,context,"often an age proxy; state the level and pay band instead",[45]
digitally native,phrase,age-proxy,flag,name the tool or skill,[34]
"native[\s-]+level",regex,national-origin-proxy,flag,"writes/speaks <language> at <the level the tasks need>",[34]
"((us|u\.s\.|eu|uk|american|british|german|french|canadian|australian|indian|irish|portuguese|spanish) )?citizens?(hip)?( only)?",regex,national-origin-proxy,context,"usually a work-authorisation question: 'authorised to work in <country>'; confirm wording with counsel",[34]
"(salary|pay|compensation|earnings|wage) history|(current|previous|past|last) (salary|pay|compensation|wage)",regex,posting-law,flag,"cut: never seek salary history (CA Lab. Code 432.3 and other bans)",[56]
photograph,stem,appearance,flag,cut: no photograph before an offer,[34]
"(send|include|attach|provide|upload)( us)? (a |your )?(recent )?(picture|selfie)",regex,appearance,flag,cut: no photograph before an offer,[34]
"clean[\s-]+shaven|well[\s-]+groomed|attractive appearance|good[\s-]+looking",regex,appearance,flag,cut; state a job-related dress or safety rule only if one exists,[34]
"he|him|his|himself|she|her|hers|herself",regex,gender,context,"fine for a named person; for the hire write 'you' or 'they'",[34]
"male|female|man|woman|men|women|guys?|gentlem[ae]n|lad(y|ies)",regex,gender,context,"fine in an equal-opportunity close or an ERG name; otherwise name the role",[34]
"mothers?|fathers?|moms?|mums?|dads?|pregnan\w*|marital|spouses?",regex,family-status,flag,"cut; state the schedule or travel requirement instead",[74]
"parents?|children|kids",regex,family-status,context,"fine for benefits ('parental leave'); never a requirement or a welcome to one group",[74]
"religio\w*|church|christian\w*|muslim|islamic|jewish|hindu|buddhist|sikh|catholic|protestant",regex,religion,flag,cut,[34]
"medical history|health (issues|problems|conditions)|no medical",regex,disability,flag,"cut; 'can <task>, with or without reasonable accommodation'",[46]
"gaps? in (your )?employment|continuous employment|stable (work |employment )?history",regex,gap-proxy,flag,cut,[108]
"job[\s-]*hopp\w*|short tenures?|too many (jobs|employers)",regex,gap-proxy,flag,cut; short tenures are never a disqualifier,[108]
"(must )?(have|own) (your )?own (car|vehicle)",regex,disability,context,"keep only if driving is an essential task, and say so; otherwise 'can travel to <place>'",[46]
active,word,masculine-coded,context,"engaged, involved",[31]
adventurous,word,masculine-coded,flag,"curious, open to new problems",[31]
aggress,stem,masculine-coded,flag,"bold, proactive",[31]
ambitio,stem,masculine-coded,flag,"motivated, driven by <outcome>",[31]
analy,stem,masculine-coded,context,usually job content; keep if it names the task,[31]
assert,stem,masculine-coded,flag,"clear, direct",[31]
athlet,stem,masculine-coded,flag,cut,[31]
autonom,stem,masculine-coded,context,"works independently on <task>",[31]
boast,stem,masculine-coded,flag,cut,[31]
challeng,stem,masculine-coded,context,"fine for 'challenging problems'; avoid for people",[31]
compet,stem,masculine-coded,context,"fine for 'competitive salary'; avoid 'competitive person'",[31]
confident,word,masculine-coded,flag,"clear, well-reasoned",[31]
courag,stem,masculine-coded,flag,"willing to raise problems early",[31]
decisive,word,masculine-coded,flag,"makes timely decisions with <inputs>",[31]
determin,stem,masculine-coded,flag,"committed, persistent",[31]
dominan,stem,masculine-coded,flag,"excellence, leading position",[31]
dominat,stem,masculine-coded,flag,"excellence, leading position",[31]
force,stem,masculine-coded,context,"fine for 'workforce'; avoid 'forceful'",[31]
headstrong,word,masculine-coded,flag,cut,[31]
hierarch,stem,masculine-coded,flag,describe the reporting line plainly,[31]
hostil,stem,masculine-coded,flag,cut,[31]
impulsive,word,masculine-coded,flag,cut,[31]
independen,stem,masculine-coded,context,"works on their own on <task>",[31]
individual,stem,masculine-coded,context,"usually fine ('individual contributor')",[31]
intellect,stem,masculine-coded,flag,"curious, thoughtful",[31]
lead,stem,masculine-coded,context,"fine in a job title or 'lead the rotation'; avoid 'natural leader'",[31]
logic,stem,masculine-coded,context,usually job content,[31]
objective,word,masculine-coded,context,usually job content,[31]
opinion,stem,masculine-coded,flag,"shares a view with reasons",[31]
outspoken,word,masculine-coded,flag,"clear, direct",[31]
persist,stem,masculine-coded,context,"fine for data ('persistent storage')",[31]
principle,stem,masculine-coded,context,"fine for 'principles'",[31]
reckless,word,masculine-coded,flag,cut,[31]
self-confiden,stem,masculine-coded,flag,cut,[31]
self-relian,stem,masculine-coded,flag,"works on their own on <task>",[31]
self-sufficien,stem,masculine-coded,flag,"works on their own on <task>",[31]
stubborn,word,masculine-coded,flag,cut,[31]
superior,word,masculine-coded,flag,"excellent",[31]
affectionate,word,feminine-coded,info,balance only; no action needed,[31]
cheer,stem,feminine-coded,info,balance only,[31]
commit,stem,feminine-coded,info,balance only,[31]
communal,word,feminine-coded,info,balance only,[31]
compassion,stem,feminine-coded,info,balance only,[31]
connect,stem,feminine-coded,info,balance only,[31]
considerate,word,feminine-coded,info,balance only,[31]
cooperat,stem,feminine-coded,info,balance only,[31]
collaborat,stem,feminine-coded,info,balance only,[31]
empath,stem,feminine-coded,info,balance only,[31]
gentle,word,feminine-coded,info,balance only,[31]
honest,word,feminine-coded,info,balance only,[31]
interpersonal,word,feminine-coded,info,balance only,[31]
kind,word,feminine-coded,info,balance only,[31]
loyal,stem,feminine-coded,info,balance only,[31]
nurtur,stem,feminine-coded,info,balance only,[31]
pleasant,stem,feminine-coded,info,balance only,[31]
polite,word,feminine-coded,info,balance only,[31]
responsib,stem,feminine-coded,info,balance only,[31]
sensitiv,stem,feminine-coded,info,balance only,[31]
support,stem,feminine-coded,info,balance only,[31]
sympath,stem,feminine-coded,info,balance only,[31]
together,stem,feminine-coded,info,balance only,[31]
trust,stem,feminine-coded,info,balance only,[31]
understand,stem,feminine-coded,info,balance only,[31]
warm,stem,feminine-coded,info,balance only,[31]
yield,stem,feminine-coded,info,balance only,[31]
