term,match,category,level,suggested_swap,source
young,word,age,flag,remove; describe the work instead,[45]
younger,word,age,flag,remove; describe the work instead,[45]
recent college graduate,phrase,age,flag,"early-career, or name the skill needed",[45]
recent college graduates,phrase,age,flag,"early-career, or name the skill needed",[45]
recent graduate,phrase,age,flag,"early-career, or name the skill needed",[45]
recent graduates,phrase,age,flag,"early-career, or name the skill needed",[45]
recent grad,phrase,age,flag,"early-career, or name the skill needed",[45]
recent grads,phrase,age,flag,"early-career, or name the skill needed",[45]
college student,phrase,age,flag,name the skill or schedule needed,[45]
college students,phrase,age,flag,name the skill or schedule needed,[45]
boy,word,age,flag,remove,[45]
boys,word,age,flag,remove,[45]
girl,word,age,flag,remove,[45]
girls,word,age,flag,remove,[45]
"\bage[sd]?\s+\d{2}\s*(to|-|–)\s*\d{2}\b",regex,age,flag,remove the age range,[45]
"\b\d{2}\s*(\+\s*|(and|or)\s+)(under|younger)\b|\b[4-9]\d\s*(\+\s*|(and|or)\s+)(over|older|above)\b",regex,age,flag,remove the age limit,[45]
"\b[1-3]\d\s*(\+\s*|(and|or)\s+)(over|older|above)\b",regex,age,check,"a minimum age is lawful only where a law or licence sets it (alcohol, driving, some licences): name that law, or remove it; confirm with counsel",[45]
"\bat least\s+\d{2}\s*years?\s*(old|of age)\b|\bminimum age( of)?\s+\d{2}\b|\b\d{2}\s*years?\s*(old|of age)\s*(or older|and over|minimum)\b",regex,age,check,"name the law that sets a minimum age; confirm with counsel",[45]
"\bbetween the ages of\b",regex,age,flag,remove the age range,[45]
"\b(under|over|below|above|younger than|older than|no older than|not older than)\s+(the\s+age\s+of\s+)?\d{2}\b(?!\s*\+?\s*(years?(?!\s*(old|of age))|months?|weeks?|days?|hours?|minutes?|%|percent|k\b|m\b|million|employees|people|staff|reports|accounts|customers|clients|users|tickets|calls|countries|languages|locations|markets))",regex,age,flag,"remove the age limit; if a law sets a minimum age, name it and confirm with counsel",[45]
"\b(graduated|graduation)\b.{0,30}\b(within|in the last|after|since)\b",regex,age-proxy,flag,remove the graduation-date limit; name the skill or level the work needs,[34]
"\bgraduation (year|date)s?\b",regex,age-proxy,flag,remove the graduation-date request,[34]
"\bclass of (19|20)\d{2}\b",regex,age-proxy,flag,remove the graduation-date limit; name the skill or level the work needs,[34]
energetic,word,age-proxy,check,describe the pace of the work plainly,[34]
overqualified,word,age-proxy,check,"remove; state the level of the work instead",[34]
over-qualified,phrase,age-proxy,check,"remove; state the level of the work instead",[34]
digital native,phrase,age-proxy,flag,name the tools or skills needed,[34]
digital natives,phrase,age-proxy,flag,name the tools or skills needed,[34]
"\b(max(imum)?|no more than|up to)\s+\d+\s+years('|’)?\s+(of\s+)?experience\b",regex,age-proxy,flag,remove the experience ceiling; describe the level of work,[34][45]
"\b\d+\+?\s*(-|to|–)?\s*\d*\s*years?('|’)?\s+(of\s+)?(experience|exp\b)",regex,requirement-check,check,"keep only if the four-way sort says the years are what the work needs; otherwise name the outcome behind them",[36]
"\b(bachelor'?s|master'?s|degree|bsc|b\.s\.|ba\b|mba|phd)\b",regex,requirement-check,check,"keep only if a job-related reason is recorded; otherwise 'or equivalent experience', or remove",[111][36]
culture fit,phrase,proxy,flag,name the job-related behaviour (for example 'writes decisions down for the team'),[79]
cultural fit,phrase,proxy,flag,name the job-related behaviour,[79]
native english speaker,phrase,proxy,flag,'writes and speaks English at the level the work needs (name the work)',unsourced practitioner judgement
native speaker,phrase,proxy,flag,name the language level the work needs,unsourced practitioner judgement
"\bnative[- ]level\b|\(native\)|\bnative (english|fluency|speakers?|proficiency)\b|\benglish native\b|\bmother tongue\b",regex,proxy,flag,name the language level the work needs,unsourced practitioner judgement
"\b(us|u\.s\.) citizens? only\b|\bcitizenship (is )?required\b|\bmust be an? (us |u\.s\. )?citizen\b",regex,proxy,check,"state the work-authorisation need instead; confirm with counsel",unsourced practitioner judgement
"\b(local candidates only|must live within|within \d+ (miles|km|kilometres|kilometers)|commut(e|ing) distance)\b",regex,location-proxy,flag,"state work terms instead: onsite days, hours, travel",[72]
"\b(zip|post)\s?codes?\b",regex,location-proxy,flag,"state work terms instead: onsite days, hours, travel",[72]
salary history,phrase,pay,flag,remove; ask for pay expectations only,[56][75]
current salary,phrase,pay,flag,remove; ask for pay expectations only,[56][75]
current compensation,phrase,pay,flag,remove; ask for pay expectations only,[56][75]
"\b(photo|headshot|picture) (required|with (your )?(application|cv|resume))\b",regex,proxy,flag,remove the photo request,[34]
"\b(marital status|married|single parents?|no family commitments|childcare)\b",regex,family,flag,"state the schedule or travel the work needs instead",[74]
"\bpregnan\w*",regex,family,flag,"remove; never ask about pregnancy or plans for children",[34][74]
"\b(christian|muslim|jewish|hindu|sikh|buddhist|catholic|church|faith[- ]based)\b",regex,religion,flag,"remove; a religious employer confirms any exemption with counsel",[34]
"\bclean[- ]shaven\b|\bno beards?\b|\bhairstyles?\b|\bnatural hair\b",regex,appearance,flag,"remove; a grooming rule can screen out people by religion or race; state a safety need only if the work has one",[34]
"\bown (car|vehicle|transport)\b|\bdriver'?s licen[cs]e\b|\bdriving licen[cs]e\b",regex,disability,check,"keep only if driving is an essential function, 'with or without reasonable accommodation'; otherwise say 'can travel to <sites>'",[35][46]
able-bodied,phrase,disability,flag,"state the essential function, 'with or without reasonable accommodation'",[35][46]
"\bmust be able to (lift|stand|walk|see|hear|drive|sit)\b",regex,disability,check,"keep only if essential; add 'with or without reasonable accommodation'",[35][46]
"\b(healthy|in good health|physically fit)\b",regex,disability,flag,state the essential physical function if any,[35][46][58]
rockstar,word,label,flag,describe the work and the result expected,unsourced practitioner judgement
rock star,phrase,label,flag,describe the work and the result expected,unsourced practitioner judgement
ninja,word,label,flag,describe the work and the result expected,unsourced practitioner judgement
guru,word,label,flag,describe the work and the result expected,unsourced practitioner judgement
superstar,word,label,flag,describe the work and the result expected,unsourced practitioner judgement
wizard,word,label,flag,describe the work and the result expected,unsourced practitioner judgement
work hard play hard,phrase,label,flag,describe hours and pace plainly,unsourced practitioner judgement
self-starter,phrase,label,flag,describe what the person decides without being asked,unsourced practitioner judgement
high energy,phrase,label,flag,describe the pace of the work plainly,unsourced practitioner judgement
open until filled,phrase,posting-field,check,"state how and when to apply, with a date (Colorado postings may need it)",[57]
hungry,word,label,flag,describe the target or result expected,unsourced practitioner judgement
aggress,stem,masculine-coded,suggest,proactive,[31]
ambitio,stem,masculine-coded,suggest,motivated,[31]
assert,stem,masculine-coded,suggest,clear,[31]
autonom,stem,masculine-coded,suggest,works independently on <task>,[31]
boast,stem,masculine-coded,suggest,remove,[31]
challeng,stem,masculine-coded,suggest,keep if describing the work; otherwise 'complex',[31]
"\bcompet(e|es|ed|ing|itive|itively|itiveness|ition|itions|itor|itors)\b",regex,masculine-coded,suggest,"keep 'competitive pay' if pay is stated; otherwise 'high standard'",[31]
confident,word,masculine-coded,suggest,remove or describe the behaviour,[31]
courag,stem,masculine-coded,suggest,remove or describe the behaviour,[31]
decisive,word,masculine-coded,suggest,makes timely decisions on <topic>,[31]
determin,stem,masculine-coded,suggest,committed,[31]
domina,stem,masculine-coded,suggest,excellence,[31]
force,stem,masculine-coded,suggest,remove,[31]
headstrong,word,masculine-coded,suggest,remove,[31]
hierarch,stem,masculine-coded,suggest,reporting structure,[31]
independen,stem,masculine-coded,suggest,works without close supervision on <task>,[31]
individual,stem,masculine-coded,suggest,keep if describing the work,[31]
lead,stem,masculine-coded,suggest,"keep in a job title or when the role leads people; otherwise 'guide' or 'own'",[31]
outspoken,word,masculine-coded,suggest,remove,[31]
persist,stem,masculine-coded,suggest,follows through,[31]
self-confiden,stem,masculine-coded,suggest,remove,[31]
self-relian,stem,masculine-coded,suggest,remove,[31]
self-sufficien,stem,masculine-coded,suggest,remove,[31]
stubborn,word,masculine-coded,suggest,remove,[31]
superior,word,masculine-coded,suggest,high-quality,[31]
commit,stem,feminine-coded,info,balance only; no change needed,[31]
communal,word,feminine-coded,info,balance only; no change needed,[31]
compassion,stem,feminine-coded,info,balance only; no change needed,[31]
connect,stem,feminine-coded,info,balance only; no change needed,[31]
considerate,word,feminine-coded,info,balance only; no change needed,[31]
cooperat,stem,feminine-coded,info,balance only; no change needed,[31]
empath,stem,feminine-coded,info,balance only; no change needed,[31]
interpersonal,word,feminine-coded,info,balance only; no change needed,[31]
nurtur,stem,feminine-coded,info,balance only; no change needed,[31]
responsib,stem,feminine-coded,info,balance only; no change needed,[31]
support,stem,feminine-coded,info,balance only; no change needed,[31]
understand,stem,feminine-coded,info,balance only; no change needed,[31]
