name,role,stage,source,owner,last_contact,next_step,waiting_on,days_in_stage,notes,is_prospect,verification_step
Priya Nair,Senior Backend Engineer,Offer,sourced,Sofia,2026-10-08,answer by 16 Oct,Priya Nair,2,,,
Tom Becker,Senior Backend Engineer,Onsite,referral,Sofia,2026-10-06,debrief Fri,Lena Ortiz,6,,,
Aisha Bello,Senior Backend Engineer,Recruiter screen,inbound,Sofia,2026-10-02,book loop,Sofia,7,,,
Kenji Mori,Senior Backend Engineer,Recruiter screen,sourced,Sofia,2026-10-07,screen notes to Lena,Lena Ortiz,2,,,
Rui Santos,Senior Backend Engineer,Sourced,sourced,Sofia,2026-10-05,,Rui Santos,4,,,
Mia Keller,Senior Backend Engineer,Sourced,sourced,Sofia,2026-10-06,follow-up day 5,Mia Keller,3,,,
Omar Haddad,Senior Backend Engineer,Sourced,inbound,Sofia,2026-10-07,screen,Sofia,2,,,
Lucas Weber,Senior Backend Engineer,Rejected,inbound,Sofia,2026-10-05,,,,no billing evidence,,
Nora Lind,Senior Backend Engineer,Rejected,sourced,Sofia,2026-10-06,,,,no billing evidence,,
Paulo Dias,Senior Backend Engineer,Withdrew,sourced,Sofia,2026-10-05,,,,declined on location,,
Eva Novak,Senior Backend Engineer,Rejected,inbound,,2026-10-07,,,,no billing evidence,,
Ines Duarte,Senior Backend Engineer,Prospect,sourced,Sofia,,,,,,yes,
Ana Ruiz,Product Designer,Onsite,sourced,Sofia,2026-10-08,panel Tue,Joana Reis,1,,,
Leo Brandt,Product Designer,Recruiter screen,inbound,Sofia,2026-09-28,book screen,Ana Costa,11,,,
Maya Chen,Product Designer,Sourced,sourced,Sofia,2026-10-01,,Maya Chen,8,,,
Tariq Aziz,Product Designer,Rejected,inbound,Sofia,2026-10-03,,,,portfolio lacks research work,,
Sara Fonseca,Product Designer,Portfolio review,inbound,Sofia,2026-10-06,review,Ana Costa,3,,,
